activity_date,activity_hour,calories,total_intensity,average_intensity,total_steps,time_stamp
2016-04-12,00:00:00,69.272727272727266,1.4242424242424243,0.023737393939393944,38.545454545454561,2016-04-12T00:00:00
2016-04-13,00:00:00,69.727272727272748,1.636363636363636,0.027272757575757582,21.242424242424242,2016-04-13T00:00:00
2016-04-14,00:00:00,72.393939393939391,2.3030303030303032,0.0383839090909091,37.424242424242429,2016-04-14T00:00:00
2016-04-15,00:00:00,74.36363636363636,3.2424242424242427,0.054040424242424244,57.757575757575758,2016-04-15T00:00:00
2016-04-16,00:00:00,74.843750000000014,2.7187500000000004,0.045312500000000006,63.34375,2016-04-16T00:00:00
2016-04-17,00:00:00,78.34375,4.34375,0.07239584375,125.3125,2016-04-17T00:00:00
2016-04-18,00:00:00,70.906249999999957,2.3125,0.038541687499999977,43.093749999999986,2016-04-18T00:00:00
2016-04-19,00:00:00,68.249999999999986,0.87500000000000022,0.014583343750000003,15.218749999999998,2016-04-19T00:00:00
2016-04-20,00:00:00,68.78125,1.3437499999999998,0.022395875,25.093750000000004,2016-04-20T00:00:00
2016-04-21,00:00:00,68.875,0.9375,0.015625000000000003,12.65625,2016-04-21T00:00:00
2016-04-22,00:00:00,70.0,1.53125,0.025520843750000004,25.000000000000007,2016-04-22T00:00:00
2016-04-23,00:00:00,73.531250000000014,3.6875000000000004,0.061458343750000019,60.40625,2016-04-23T00:00:00
2016-04-24,00:00:00,72.65625,2.8749999999999996,0.04791671875,43.531249999999993,2016-04-24T00:00:00
2016-04-25,00:00:00,69.09375,1.5000000000000002,0.025000000000000005,28.15625,2016-04-25T00:00:00
2016-04-26,00:00:00,67.562500000000014,0.625,0.01041671875,9.21875,2016-04-26T00:00:00
2016-04-27,00:00:00,69.874999999999986,1.375,0.022916687500000005,27.40625,2016-04-27T00:00:00
2016-04-28,00:00:00,71.468749999999986,2.09375,0.034895875,53.312500000000007,2016-04-28T00:00:00
2016-04-29,00:00:00,70.937499999999986,1.8437499999999996,0.030729187500000005,39.8125,2016-04-29T00:00:00
2016-04-30,00:00:00,71.499999999999986,1.8000000000000003,0.030000033333333332,31.699999999999996,2016-04-30T00:00:00
2016-05-01,00:00:00,80.066666666666649,5.5333333333333341,0.092222233333333334,124.36666666666662,2016-05-01T00:00:00
2016-05-02,00:00:00,70.482758620689637,0.96551724137931039,0.016091965517241381,20.689655172413794,2016-05-02T00:00:00
2016-05-03,00:00:00,74.758620689655189,1.9999999999999998,0.033333379310344829,40.62068965517242,2016-05-03T00:00:00
2016-05-04,00:00:00,74.9655172413793,2.6206896551724137,0.043678137931034484,52.931034482758619,2016-05-04T00:00:00
2016-05-05,00:00:00,72.6896551724138,1.7931034482758621,0.02988506896551724,38.689655172413794,2016-05-05T00:00:00
2016-05-06,00:00:00,74.206896551724157,2.7931034482758612,0.046551758620689651,55.137931034482747,2016-05-06T00:00:00
2016-05-07,00:00:00,74.827586206896541,3.1034482758620685,0.051724103448275861,64.793103448275872,2016-05-07T00:00:00
2016-05-08,00:00:00,71.962962962962962,2.0370370370370376,0.033950629629629629,31.851851851851848,2016-05-08T00:00:00
2016-05-09,00:00:00,69.962962962962976,1.6666666666666672,0.027777777777777783,26.703703703703706,2016-05-09T00:00:00
2016-05-10,00:00:00,70.833333333333329,2.3333333333333335,0.038888916666666669,42.5,2016-05-10T00:00:00
2016-05-11,00:00:00,70.8695652173913,1.6956521739130435,0.028260826086956518,32.0,2016-05-11T00:00:00
2016-05-12,00:00:00,66.6842105263158,0.368421052631579,0.0061403684210526322,3.5789473684210527,2016-05-12T00:00:00
2016-04-12,01:00:00,67.939393939393909,0.63636363636363635,0.010606090909090907,9.5151515151515156,2016-04-12T01:00:00
2016-04-13,01:00:00,68.909090909090892,1.0303030303030303,0.017171727272727273,20.666666666666664,2016-04-13T01:00:00
2016-04-14,01:00:00,68.333333333333329,0.81818181818181812,0.013636424242424242,11.757575757575754,2016-04-14T01:00:00
2016-04-15,01:00:00,68.363636363636346,0.66666666666666663,0.011111090909090911,12.575757575757576,2016-04-15T01:00:00
2016-04-16,01:00:00,77.906250000000028,3.5000000000000013,0.058333343750000016,6.4687499999999991,2016-04-16T01:00:00
2016-04-17,01:00:00,76.5,3.1250000000000009,0.052083343750000011,109.9375,2016-04-17T01:00:00
2016-04-18,01:00:00,67.468749999999986,0.43750000000000011,0.0072916874999999996,10.781250000000002,2016-04-18T01:00:00
2016-04-19,01:00:00,68.21875,0.84374999999999978,0.01406253125,12.03125,2016-04-19T01:00:00
2016-04-20,01:00:00,67.500000000000014,0.49999999999999989,0.0083333437499999979,5.4687499999999982,2016-04-20T01:00:00
2016-04-21,01:00:00,67.90625,0.75,0.012500031250000002,12.937499999999996,2016-04-21T01:00:00
2016-04-22,01:00:00,69.78125,1.4375,0.02395834375,25.937500000000004,2016-04-22T01:00:00
2016-04-23,01:00:00,69.312500000000028,1.46875,0.024479125,14.375,2016-04-23T01:00:00
2016-04-24,01:00:00,74.031250000000014,3.2499999999999996,0.054166656250000007,43.656249999999993,2016-04-24T01:00:00
2016-04-25,01:00:00,68.21875,0.875,0.014583312499999999,14.624999999999998,2016-04-25T01:00:00
2016-04-26,01:00:00,69.031249999999986,1.3437499999999998,0.02239590625,17.5,2016-04-26T01:00:00
2016-04-27,01:00:00,69.093750000000014,0.96875,0.016145906249999998,18.125,2016-04-27T01:00:00
2016-04-28,01:00:00,70.374999999999972,2.1249999999999996,0.035416718749999992,37.40625,2016-04-28T01:00:00
2016-04-29,01:00:00,69.031249999999986,1.0312500000000004,0.0171875625,16.218749999999996,2016-04-29T01:00:00
2016-04-30,01:00:00,71.999999999999986,1.8666666666666669,0.031111166666666672,31.966666666666669,2016-04-30T01:00:00
2016-05-01,01:00:00,70.833333333333329,1.9000000000000004,0.031666700000000006,33.466666666666661,2016-05-01T01:00:00
2016-05-02,01:00:00,70.000000000000014,1.2413793103448276,0.020689689655172424,24.965517241379313,2016-05-02T01:00:00
2016-05-03,01:00:00,77.793103448275858,3.7241379310344827,0.062068965517241372,80.379310344827587,2016-05-03T01:00:00
2016-05-04,01:00:00,71.517241379310349,1.2413793103448278,0.020689620689655172,20.344827586206893,2016-05-04T01:00:00
2016-05-05,01:00:00,68.724137931034491,0.4827586206896553,0.0080460000000000028,7.3103448275862082,2016-05-05T01:00:00
2016-05-06,01:00:00,71.0689655172414,1.7586206896551728,0.029310379310344831,21.758620689655164,2016-05-06T01:00:00
2016-05-07,01:00:00,70.714285714285722,2.0357142857142851,0.033928607142857156,24.178571428571431,2016-05-07T01:00:00
2016-05-08,01:00:00,69.666666666666643,0.92592592592592593,0.01543211111111111,16.814814814814817,2016-05-08T01:00:00
2016-05-09,01:00:00,69.222222222222229,1.1481481481481479,0.01913581481481481,19.888888888888889,2016-05-09T01:00:00
2016-05-10,01:00:00,67.916666666666671,0.83333333333333326,0.013888916666666671,10.041666666666668,2016-05-10T01:00:00
2016-05-11,01:00:00,69.565217391304358,1.0434782608695652,0.017391391304347831,8.4347826086956523,2016-05-11T01:00:00
2016-05-12,01:00:00,67.26315789473685,0.63157894736842113,0.010526368421052631,7.7368421052631593,2016-05-12T01:00:00
2016-04-12,02:00:00,68.424242424242408,0.81818181818181823,0.013636363636363636,13.363636363636363,2016-04-12T02:00:00
2016-04-13,02:00:00,69.1212121212121,1.0606060606060603,0.017676787878787882,20.575757575757574,2016-04-13T02:00:00
2016-04-14,02:00:00,67.757575757575751,0.54545454545454541,0.0090909393939393943,7.3939393939393945,2016-04-14T02:00:00
2016-04-15,02:00:00,67.6969696969697,0.54545454545454564,0.0090909090909090922,8.8484848484848513,2016-04-15T02:00:00
2016-04-16,02:00:00,79.781250000000014,4.1875000000000018,0.069791718750000009,7.6562500000000009,2016-04-16T02:00:00
2016-04-17,02:00:00,73.093749999999986,2.28125,0.038020843750000005,74.21875,2016-04-17T02:00:00
2016-04-18,02:00:00,66.46875,0.125,0.0020833749999999997,1.8437499999999998,2016-04-18T02:00:00
2016-04-19,02:00:00,67.125,0.37500000000000006,0.00625,6.7812500000000009,2016-04-19T02:00:00
2016-04-20,02:00:00,67.5625,0.59375000000000022,0.009895843750000001,6.2187500000000009,2016-04-20T02:00:00
2016-04-21,02:00:00,67.624999999999972,0.78125000000000011,0.01302084375,11.031250000000002,2016-04-21T02:00:00
2016-04-22,02:00:00,68.875,0.90625,0.015104156249999997,27.281249999999993,2016-04-22T02:00:00
2016-04-23,02:00:00,68.249999999999986,0.8125,0.013541718750000003,18.46875,2016-04-23T02:00:00
2016-04-24,02:00:00,68.25,0.93750000000000044,0.015625000000000003,15.687500000000005,2016-04-24T02:00:00
2016-04-25,02:00:00,66.781250000000014,0.34375,0.0057292187500000008,4.03125,2016-04-25T02:00:00
2016-04-26,02:00:00,67.4375,0.50000000000000011,0.008333375,9.40625,2016-04-26T02:00:00
2016-04-27,02:00:00,68.5,0.9375,0.015625031249999994,14.8125,2016-04-27T02:00:00
2016-04-28,02:00:00,68.906249999999986,1.0625,0.017708343749999998,21.9375,2016-04-28T02:00:00
2016-04-29,02:00:00,67.96875,0.65625000000000011,0.01093753125,12.468749999999998,2016-04-29T02:00:00
2016-04-30,02:00:00,68.366666666666688,0.80000000000000027,0.013333366666666664,9.6666666666666661,2016-04-30T02:00:00
2016-05-01,02:00:00,71.59999999999998,2.1333333333333333,0.035555566666666663,50.966666666666676,2016-05-01T02:00:00
2016-05-02,02:00:00,69.3793103448276,0.93103448275862066,0.015517275862068965,19.72413793103448,2016-05-02T02:00:00
2016-05-03,02:00:00,72.206896551724157,1.5172413793103448,0.025287379310344828,8.6896551724137918,2016-05-03T02:00:00
2016-05-04,02:00:00,71.206896551724142,1.3448275862068966,0.0224138275862069,23.551724137931036,2016-05-04T02:00:00
2016-05-05,02:00:00,67.75862068965516,0.24137931034482765,0.0040230000000000005,3.4482758620689653,2016-05-05T02:00:00
2016-05-06,02:00:00,70.724137931034477,1.8620689655172413,0.031034482758620686,16.793103448275858,2016-05-06T02:00:00
2016-05-07,02:00:00,69.892857142857139,1.5714285714285716,0.026190464285714289,18.928571428571427,2016-05-07T02:00:00
2016-05-08,02:00:00,72.629629629629633,1.9629629629629624,0.032716074074074071,59.259259259259274,2016-05-08T02:00:00
2016-05-09,02:00:00,67.296296296296276,0.29629629629629628,0.0049382962962962965,1.925925925925926,2016-05-09T02:00:00
2016-05-10,02:00:00,68.208333333333329,0.79166666666666663,0.013194458333333336,16.333333333333336,2016-05-10T02:00:00
2016-05-11,02:00:00,68.347826086956545,0.65217391304347827,0.010869565217391304,5.3043478260869552,2016-05-11T02:00:00
2016-05-12,02:00:00,67.368421052631589,0.73684210526315785,0.012280736842105264,14.736842105263158,2016-05-12T02:00:00
2016-04-12,03:00:00,67.3030303030303,0.39393939393939392,0.0065656666666666676,6.8181818181818175,2016-04-12T03:00:00
2016-04-13,03:00:00,67.181818181818173,0.33333333333333326,0.0055556060606060586,3.1515151515151514,2016-04-13T03:00:00
2016-04-14,03:00:00,66.787878787878782,0.12121212121212122,0.0020202121212121219,0.7272727272727274,2016-04-14T03:00:00
2016-04-15,03:00:00,67.181818181818187,0.393939393939394,0.0065657272727272717,3.7878787878787885,2016-04-15T03:00:00
2016-04-16,03:00:00,68.375000000000014,0.53125000000000011,0.008854250000000001,6.125,2016-04-16T03:00:00
2016-04-17,03:00:00,67.500000000000014,0.5,0.0083333437500000013,8.5625000000000036,2016-04-17T03:00:00
2016-04-18,03:00:00,66.406249999999986,0.093750000000000014,0.00156253125,0.96874999999999989,2016-04-18T03:00:00
2016-04-19,03:00:00,66.781250000000014,0.31250000000000006,0.0052083437500000012,2.2499999999999991,2016-04-19T03:00:00
2016-04-20,03:00:00,66.625000000000014,0.15625000000000006,0.0026041562499999997,0.18750000000000006,2016-04-20T03:00:00
2016-04-21,03:00:00,66.53125,0.093750000000000028,0.0015625000000000003,3.5000000000000022,2016-04-21T03:00:00
2016-04-22,03:00:00,67.937499999999986,0.78125,0.013020843750000002,18.28125,2016-04-22T03:00:00
2016-04-23,03:00:00,68.093750000000028,0.8125,0.013541687500000002,13.96875,2016-04-23T03:00:00
2016-04-25,03:00:00,66.28125,0.031250000000000007,0.00052084375,0.21875000000000008,2016-04-25T03:00:00
2016-04-26,03:00:00,67.1875,0.53125000000000011,0.0088541562499999983,7.8437500000000027,2016-04-26T03:00:00
2016-04-27,03:00:00,66.843750000000014,0.31250000000000011,0.0052083437499999986,4.5,2016-04-27T03:00:00
2016-04-28,03:00:00,67.843750000000014,0.84375,0.014062499999999997,14.8125,2016-04-28T03:00:00
2016-04-29,03:00:00,66.5,0.18750000000000003,0.003125000000000001,2.09375,2016-04-29T03:00:00
2016-04-30,03:00:00,68.466666666666669,0.76666666666666672,0.012777799999999997,13.966666666666667,2016-04-30T03:00:00
2016-05-01,03:00:00,67.566666666666663,0.43333333333333335,0.0072222666666666678,3.6333333333333337,2016-05-01T03:00:00
2016-05-02,03:00:00,69.965517241379317,1.3448275862068966,0.022413793103448272,31.62068965517242,2016-05-02T03:00:00
2016-05-03,03:00:00,68.758620689655174,0.4827586206896553,0.0080459655172413769,7.8965517241379333,2016-05-03T03:00:00
2016-05-04,03:00:00,67.965517241379288,0.068965517241379309,0.0011494137931034483,1.3793103448275865,2016-05-04T03:00:00
2016-05-05,03:00:00,67.931034482758619,0.27586206896551735,0.0045977241379310347,2.1379310344827593,2016-05-05T03:00:00
2016-05-06,03:00:00,71.827586206896555,2.03448275862069,0.033908103448275856,20.137931034482758,2016-05-06T03:00:00
2016-05-07,03:00:00,67.642857142857139,0.28571428571428575,0.0047618928571428569,3.3571428571428572,2016-05-07T03:00:00
2016-05-08,03:00:00,67.851851851851862,0.51851851851851849,0.0086420000000000038,3.3333333333333335,2016-05-08T03:00:00
2016-05-09,03:00:00,67.333333333333314,0.22222222222222227,0.0037037407407407405,2.592592592592593,2016-05-09T03:00:00
2016-05-10,03:00:00,66.541666666666657,0.25000000000000006,0.004166708333333333,3.2916666666666665,2016-05-10T03:00:00
2016-05-11,03:00:00,67.65217391304347,0.21739130434782608,0.0036232608695652173,1.6521739130434783,2016-05-11T03:00:00
2016-05-12,03:00:00,66.421052631578959,0.21052631578947373,0.0035087894736842108,0.78947368421052622,2016-05-12T03:00:00
2016-04-12,04:00:00,67.7878787878788,0.39393939393939392,0.0065656666666666658,9.5757575757575761,2016-04-12T04:00:00
2016-04-13,04:00:00,69.242424242424249,1.0303030303030303,0.017171696969696972,21.969696969696965,2016-04-13T04:00:00
2016-04-14,04:00:00,67.9090909090909,0.48484848484848486,0.0080808484848484876,8.9696969696969688,2016-04-14T04:00:00
2016-04-15,04:00:00,67.9090909090909,0.484848484848485,0.0080808484848484859,8.0303030303030312,2016-04-15T04:00:00
2016-04-16,04:00:00,67.156249999999986,0.28125,0.0046875312499999981,3.3749999999999996,2016-04-16T04:00:00
2016-04-17,04:00:00,66.624999999999986,0.125,0.00208334375,2.125,2016-04-17T04:00:00
2016-04-18,04:00:00,67.375,0.40625,0.0067708437500000008,8.71875,2016-04-18T04:00:00
2016-04-19,04:00:00,67.59375,0.40624999999999994,0.00677084375,9.75,2016-04-19T04:00:00
2016-04-20,04:00:00,67.624999999999986,0.5,0.00833334375,8.6562500000000018,2016-04-20T04:00:00
2016-04-21,04:00:00,67.281250000000014,0.3125,0.00520834375,7.9375,2016-04-21T04:00:00
2016-04-22,04:00:00,68.03125,0.71875,0.011979156250000001,15.875,2016-04-22T04:00:00
2016-04-23,04:00:00,66.90625,0.28124999999999994,0.0046875,3.6874999999999996,2016-04-23T04:00:00
2016-04-25,04:00:00,67.624999999999986,0.53125000000000011,0.0088541875000000027,10.15625,2016-04-25T04:00:00
2016-04-26,04:00:00,66.9375,0.34375,0.0057291875,2.9687500000000009,2016-04-26T04:00:00
2016-04-27,04:00:00,67.03125,0.40625000000000006,0.006770875,5.59375,2016-04-27T04:00:00
2016-04-28,04:00:00,67.000000000000014,0.34374999999999994,0.0057291562500000007,4.8124999999999991,2016-04-28T04:00:00
2016-04-29,04:00:00,66.874999999999986,0.28125000000000006,0.0046875,5.46875,2016-04-29T04:00:00
2016-04-30,04:00:00,69.500000000000028,1.1666666666666667,0.019444433333333337,29.06666666666667,2016-04-30T04:00:00
2016-05-01,04:00:00,68.066666666666663,0.93333333333333368,0.01555556666666667,6.9000000000000012,2016-05-01T04:00:00
2016-05-02,04:00:00,72.034482758620683,2.1379310344827589,0.035632206896551721,47.413793103448278,2016-05-02T04:00:00
2016-05-03,04:00:00,73.517241379310363,1.6206896551724141,0.027011517241379311,50.03448275862069,2016-05-03T04:00:00
2016-05-04,04:00:00,70.724137931034491,0.86206896551724144,0.014367827586206897,17.758620689655171,2016-05-04T04:00:00
2016-05-05,04:00:00,69.103448275862064,0.68965517241379326,0.011494275862068968,13.068965517241379,2016-05-05T04:00:00
2016-05-06,04:00:00,71.41379310344827,1.5517241379310347,0.025862137931034482,30.03448275862069,2016-05-06T04:00:00
2016-05-07,04:00:00,67.892857142857153,0.35714285714285721,0.0059523928571428566,4.4999999999999991,2016-05-07T04:00:00
2016-05-08,04:00:00,68.555555555555543,0.851851851851852,0.014197555555555555,11.518518518518521,2016-05-08T04:00:00
2016-05-09,04:00:00,68.1111111111111,0.40740740740740744,0.0067901111111111122,10.296296296296296,2016-05-09T04:00:00
2016-05-10,04:00:00,67.874999999999986,0.50000000000000011,0.0083333333333333332,15.458333333333336,2016-05-10T04:00:00
2016-05-11,04:00:00,69.739130434782609,0.86956521739130432,0.014492782608695654,19.130434782608695,2016-05-11T04:00:00
2016-05-12,04:00:00,67.444444444444457,0.5,0.008333333333333335,4.8888888888888884,2016-05-12T04:00:00
2016-04-12,05:00:00,85.484848484848484,5.9393939393939394,0.098989909090909087,10.212121212121213,2016-04-12T05:00:00
2016-04-13,05:00:00,85.848484848484844,6.0606060606060614,0.10101012121212122,13.666666666666664,2016-04-13T05:00:00
2016-04-14,05:00:00,88.48484848484847,7.0,0.11666666666666667,21.636363636363637,2016-04-14T05:00:00
2016-04-15,05:00:00,74.121212121212139,2.5151515151515151,0.041919242424242421,60.787878787878782,2016-04-15T05:00:00
2016-04-16,05:00:00,67.343750000000014,0.59375,0.0098958437500000027,8.9687499999999982,2016-04-16T05:00:00
2016-04-17,05:00:00,66.84375,0.28124999999999994,0.00468753125,2.5624999999999996,2016-04-17T05:00:00
2016-04-18,05:00:00,85.59375,6.03125,0.100520875,11.500000000000005,2016-04-18T05:00:00
2016-04-19,05:00:00,91.375000000000014,8.0937499999999964,0.134895875,64.281250000000014,2016-04-19T05:00:00
2016-04-20,05:00:00,90.75,7.9687500000000009,0.1328125625,50.062499999999993,2016-04-20T05:00:00
2016-04-21,05:00:00,88.343749999999986,6.7499999999999991,0.11249999999999999,27.8125,2016-04-21T05:00:00
2016-04-22,05:00:00,88.499999999999986,7.1562500000000009,0.11927084375,39.156250000000014,2016-04-22T05:00:00
2016-04-23,05:00:00,66.843750000000014,0.28125,0.0046875000000000007,4.4374999999999991,2016-04-23T05:00:00
2016-04-25,05:00:00,89.750000000000014,7.5937500000000009,0.12656253124999997,38.375,2016-04-25T05:00:00
2016-04-26,05:00:00,82.343749999999986,6.03125,0.10052090625000001,131.81250000000003,2016-04-26T05:00:00
2016-04-27,05:00:00,70.281249999999986,1.4999999999999998,0.02500003125,24.84375,2016-04-27T05:00:00
2016-04-28,05:00:00,74.687499999999986,3.0000000000000009,0.050000031249999993,77.9375,2016-04-28T05:00:00
2016-04-29,05:00:00,71.312499999999986,2.0312500000000004,0.033854156249999989,37.406250000000007,2016-04-29T05:00:00
2016-04-30,05:00:00,68.73333333333332,0.90000000000000013,0.015000000000000001,16.400000000000006,2016-04-30T05:00:00
2016-05-01,05:00:00,70.3,2.100000000000001,0.035,62.566666666666691,2016-05-01T05:00:00
2016-05-02,05:00:00,92.2413793103448,8.10344827586207,0.13505744827586205,45.310344827586214,2016-05-02T05:00:00
2016-05-03,05:00:00,104.58620689655172,11.13793103448276,0.18563220689655174,133.03448275862067,2016-05-03T05:00:00
2016-05-04,05:00:00,74.034482758620683,2.3103448275862073,0.038505758620689653,52.379310344827594,2016-05-04T05:00:00
2016-05-05,05:00:00,96.931034482758633,9.655172413793105,0.16091955172413794,113.27586206896552,2016-05-05T05:00:00
2016-05-06,05:00:00,100.24137931034483,10.517241379310345,0.1752873793103448,112.37931034482763,2016-05-06T05:00:00
2016-05-07,05:00:00,68.75,0.71428571428571441,0.011904785714285717,12.285714285714283,2016-05-07T05:00:00
2016-05-08,05:00:00,67.555555555555557,0.40740740740740755,0.0067901851851851856,1.2222222222222225,2016-05-08T05:00:00
2016-05-09,05:00:00,93.037037037037038,8.0,0.13333337037037038,32.888888888888893,2016-05-09T05:00:00
2016-05-10,05:00:00,100.95833333333334,11.25,0.18749999999999997,97.083333333333343,2016-05-10T05:00:00
2016-05-11,05:00:00,98.652173913043455,10.086956521739131,0.16811595652173916,48.434782608695649,2016-05-11T05:00:00
2016-05-12,05:00:00,67.833333333333343,0.83333333333333348,0.013888888888888895,23.611111111111107,2016-05-12T05:00:00
2016-04-12,06:00:00,88.242424242424235,8.0000000000000018,0.13333333333333333,152.84848484848487,2016-04-12T06:00:00
2016-04-13,06:00:00,80.8181818181818,5.1212121212121211,0.085353575757575767,150.15151515151516,2016-04-13T06:00:00
2016-04-14,06:00:00,95.272727272727266,10.454545454545453,0.17424242424242425,216.57575757575759,2016-04-14T06:00:00
2016-04-15,06:00:00,90.393939393939391,8.3939393939393963,0.1398990303030303,195.48484848484844,2016-04-15T06:00:00
2016-04-16,06:00:00,76.687499999999986,4.0000000000000009,0.06666665625,94.718749999999972,2016-04-16T06:00:00
2016-04-17,06:00:00,75.781249999999986,3.8749999999999996,0.06458334375,52.15625,2016-04-17T06:00:00
2016-04-18,06:00:00,76.843750000000014,4.5000000000000009,0.07500003125,90.406250000000014,2016-04-18T06:00:00
2016-04-19,06:00:00,85.312500000000043,6.9687500000000009,0.11614587500000001,186.99999999999994,2016-04-19T06:00:00
2016-04-20,06:00:00,87.21875,8.0000000000000018,0.13333331250000002,190.62499999999997,2016-04-20T06:00:00
2016-04-21,06:00:00,97.312500000000014,11.6875,0.19479168750000003,240.49999999999997,2016-04-21T06:00:00
2016-04-22,06:00:00,101.59374999999997,13.093750000000002,0.21822921875000006,194.25,2016-04-22T06:00:00
2016-04-23,06:00:00,70.90625,2.15625,0.03593753125,39.937499999999986,2016-04-23T06:00:00
2016-04-24,06:00:00,70.9375,1.9375000000000004,0.03229165625,43.218750000000007,2016-04-24T06:00:00
2016-04-25,06:00:00,91.84375,9.625,0.16041668750000002,191.875,2016-04-25T06:00:00
2016-04-26,06:00:00,99.40625,12.187499999999996,0.203125,335.34375,2016-04-26T06:00:00
2016-04-27,06:00:00,99.468750000000014,12.625,0.2104166875,220.12499999999997,2016-04-27T06:00:00
2016-04-28,06:00:00,97.65625,12.500000000000002,0.20833337499999996,315.71875000000006,2016-04-28T06:00:00
2016-04-29,06:00:00,94.870967741935488,10.580645161290322,0.17634403225806453,235.99999999999997,2016-04-29T06:00:00
2016-04-30,06:00:00,72.63333333333334,2.5999999999999996,0.043333300000000005,62.166666666666664,2016-04-30T06:00:00
2016-05-01,06:00:00,75.166666666666686,4.2666666666666666,0.07111113333333334,135.59999999999994,2016-05-01T06:00:00
2016-05-02,06:00:00,95.41379310344827,11.034482758620689,0.1839080689655172,214.48275862068968,2016-05-02T06:00:00
2016-05-03,06:00:00,93.3448275862069,8.655172413793105,0.14425293103448275,287.96551724137936,2016-05-03T06:00:00
2016-05-04,06:00:00,83.758620689655174,5.7586206896551717,0.095977034482758614,140.24137931034485,2016-05-04T06:00:00
2016-05-05,06:00:00,94.241379310344826,10.448275862068964,0.17413793103448272,322.0344827586207,2016-05-05T06:00:00
2016-05-06,06:00:00,95.103448275862092,12.172413793103448,0.20287355172413796,343.31034482758616,2016-05-06T06:00:00
2016-05-07,06:00:00,71.857142857142861,2.1785714285714288,0.036309535714285711,49.714285714285715,2016-05-07T06:00:00
2016-05-08,06:00:00,68.7037037037037,1.0370370370370374,0.017284,17.111111111111107,2016-05-08T06:00:00
2016-05-09,06:00:00,89.740740740740719,9.4074074074074083,0.1567901851851852,222.92592592592592,2016-05-09T06:00:00
2016-05-10,06:00:00,97.375,10.708333333333332,0.17847220833333335,233.41666666666669,2016-05-10T06:00:00
2016-05-11,06:00:00,96.521739130434781,10.217391304347824,0.1702898260869565,215.82608695652178,2016-05-11T06:00:00
2016-05-12,06:00:00,82.2777777777778,6.4444444444444455,0.1074073888888889,150.2777777777778,2016-05-12T06:00:00
2016-04-12,07:00:00,100.72727272727273,14.363636363636365,0.23939393939393946,409.45454545454561,2016-04-12T07:00:00
2016-04-13,07:00:00,94.181818181818187,10.333333333333336,0.17222215151515147,311.99999999999994,2016-04-13T07:00:00
2016-04-14,07:00:00,96.454545454545467,11.84848484848485,0.19747475757575753,359.48484848484844,2016-04-14T07:00:00
2016-04-15,07:00:00,103.66666666666669,12.969696969696969,0.21616163636363639,419.93939393939388,2016-04-15T07:00:00
2016-04-16,07:00:00,99.781250000000028,13.4375,0.22395840625000002,317.84375000000006,2016-04-16T07:00:00
2016-04-17,07:00:00,87.96875,6.9062500000000018,0.11510418750000001,162.46875,2016-04-17T07:00:00
2016-04-18,07:00:00,96.156249999999986,10.937500000000002,0.18229156249999998,301.03125000000006,2016-04-18T07:00:00
2016-04-19,07:00:00,98.15625,12.21875,0.20364584374999997,413.0,2016-04-19T07:00:00
2016-04-20,07:00:00,101.68749999999999,13.59375,0.2265625,363.46875000000006,2016-04-20T07:00:00
2016-04-21,07:00:00,93.406250000000014,10.093750000000002,0.16822918750000002,262.06249999999994,2016-04-21T07:00:00
2016-04-22,07:00:00,99.937499999999986,13.71875,0.228645875,403.1875,2016-04-22T07:00:00
2016-04-23,07:00:00,77.374999999999986,4.90625,0.0817708125,74.750000000000014,2016-04-23T07:00:00
2016-04-24,07:00:00,76.906249999999986,4.8437499999999991,0.08072921875,86.6875,2016-04-24T07:00:00
2016-04-25,07:00:00,102.53125,14.40625,0.24010415625000003,453.09374999999994,2016-04-25T07:00:00
2016-04-26,07:00:00,90.812500000000014,8.8749999999999982,0.1479166875,282.56250000000006,2016-04-26T07:00:00
2016-04-27,07:00:00,95.906250000000014,11.187500000000004,0.186458375,254.4375,2016-04-27T07:00:00
2016-04-28,07:00:00,97.562499999999986,12.000000000000002,0.2,324.9375,2016-04-28T07:00:00
2016-04-29,07:00:00,102.83870967741935,14.29032258064516,0.23817193548387097,401.32258064516128,2016-04-29T07:00:00
2016-04-30,07:00:00,85.6,7.8000000000000016,0.13,175.26666666666659,2016-04-30T07:00:00
2016-05-01,07:00:00,85.6,8.8999999999999986,0.14833333333333337,343.33333333333337,2016-05-01T07:00:00
2016-05-02,07:00:00,101.27586206896554,12.517241379310345,0.20862068965517241,357.13793103448273,2016-05-02T07:00:00
2016-05-03,07:00:00,101.75862068965519,13.344827586206897,0.22241379310344825,419.103448275862,2016-05-03T07:00:00
2016-05-04,07:00:00,90.3793103448276,8.4482758620689644,0.14080462068965521,227.82758620689657,2016-05-04T07:00:00
2016-05-05,07:00:00,98.000000000000014,12.689655172413792,0.21149424137931033,362.0,2016-05-05T07:00:00
2016-05-06,07:00:00,109.86206896551724,14.448275862068964,0.24080462068965516,424.51724137931029,2016-05-06T07:00:00
2016-05-07,07:00:00,82.321428571428555,6.5714285714285712,0.10952382142857145,175.92857142857147,2016-05-07T07:00:00
2016-05-08,07:00:00,79.629629629629633,5.481481481481481,0.091358074074074064,134.81481481481478,2016-05-08T07:00:00
2016-05-09,07:00:00,94.074074074074076,10.481481481481485,0.17469137037037039,323.92592592592592,2016-05-09T07:00:00
2016-05-10,07:00:00,99.333333333333329,12.666666666666664,0.21111125,398.00000000000006,2016-05-10T07:00:00
2016-05-11,07:00:00,84.4782608695652,5.4347826086956523,0.090579695652173928,141.69565217391306,2016-05-11T07:00:00
2016-05-12,07:00:00,97.666666666666657,11.166666666666668,0.18611111111111112,387.16666666666669,2016-05-12T07:00:00
2016-04-12,08:00:00,102.84848484848483,14.696969696969697,0.24494951515151511,417.2121212121213,2016-04-12T08:00:00
2016-04-13,08:00:00,109.09090909090909,17.121212121212121,0.28535357575757575,512.27272727272725,2016-04-13T08:00:00
2016-04-14,08:00:00,105.6969696969697,16.363636363636367,0.27272727272727265,492.54545454545456,2016-04-14T08:00:00
2016-04-15,08:00:00,105.60606060606061,14.575757575757576,0.24292933333333336,371.51515151515162,2016-04-15T08:00:00
2016-04-16,08:00:00,107.53125,15.999999999999993,0.26666668750000005,525.125,2016-04-16T08:00:00
2016-04-17,08:00:00,90.343749999999986,9.0312500000000018,0.15052081249999996,232.25,2016-04-17T08:00:00
2016-04-18,08:00:00,116.40625,20.25,0.33750003125,716.59375000000023,2016-04-18T08:00:00
2016-04-19,08:00:00,113.65625,19.093750000000004,0.31822921875000004,622.25,2016-04-19T08:00:00
2016-04-20,08:00:00,120.28124999999999,20.875000000000004,0.3479166562499999,627.84375,2016-04-20T08:00:00
2016-04-21,08:00:00,104.25,16.937499999999996,0.28229168749999994,502.75000000000011,2016-04-21T08:00:00
2016-04-22,08:00:00,116.03124999999997,19.15625,0.31927084375000003,605.84374999999989,2016-04-22T08:00:00
2016-04-23,08:00:00,104.5625,15.750000000000002,0.26250003124999993,485.59375000000011,2016-04-23T08:00:00
2016-04-24,08:00:00,100.59375,13.625,0.22708334375000006,388.84374999999989,2016-04-24T08:00:00
2016-04-25,08:00:00,106.31249999999999,16.8125,0.2802083749999999,501.8125,2016-04-25T08:00:00
2016-04-26,08:00:00,105.375,13.34375,0.222395875,396.46875,2016-04-26T08:00:00
2016-04-27,08:00:00,99.53125,14.09375,0.2348958125,426.46875000000006,2016-04-27T08:00:00
2016-04-28,08:00:00,97.249999999999972,12.624999999999998,0.21041674999999999,307.49999999999989,2016-04-28T08:00:00
2016-04-29,08:00:00,104.38709677419352,15.32258064516129,0.25537635483870968,429.67741935483866,2016-04-29T08:00:00
2016-04-30,08:00:00,88.633333333333326,9.3,0.15500000000000003,192.6,2016-04-30T08:00:00
2016-05-01,08:00:00,108.43333333333334,17.9,0.29833330000000008,616.50000000000023,2016-05-01T08:00:00
2016-05-02,08:00:00,99.827586206896555,14.413793103448278,0.24022986206896554,398.99999999999994,2016-05-02T08:00:00
2016-05-03,08:00:00,105.44827586206895,15.137931034482758,0.25229882758620686,398.79310344827582,2016-05-03T08:00:00
2016-05-04,08:00:00,91.862068965517224,9.17241379310345,0.15287365517241383,253.27586206896552,2016-05-04T08:00:00
2016-05-05,08:00:00,105.44827586206895,16.655172413793103,0.27758624137931037,453.75862068965512,2016-05-05T08:00:00
2016-05-06,08:00:00,102.55172413793102,13.172413793103448,0.21954031034482757,383.58620689655169,2016-05-06T08:00:00
2016-05-07,08:00:00,102.17857142857143,12.892857142857142,0.2148809285714286,293.89285714285717,2016-05-07T08:00:00
2016-05-08,08:00:00,83.8148148148148,6.666666666666667,0.11111114814814814,152.66666666666663,2016-05-08T08:00:00
2016-05-09,08:00:00,101.0,13.518518518518517,0.22530862962962964,407.37037037037032,2016-05-09T08:00:00
2016-05-10,08:00:00,100.16666666666666,11.20833333333333,0.18680554166666663,299.125,2016-05-10T08:00:00
2016-05-11,08:00:00,97.608695652173893,11.478260869565219,0.19130430434782608,336.30434782608694,2016-05-11T08:00:00
2016-05-12,08:00:00,95.2777777777778,12.444444444444443,0.20740738888888885,298.72222222222223,2016-05-12T08:00:00
2016-04-12,09:00:00,103.84848484848484,15.424242424242426,0.25707072727272723,436.96969696969688,2016-04-12T09:00:00
2016-04-13,09:00:00,103.48484848484847,15.060606060606061,0.25101009090909088,445.5151515151515,2016-04-13T09:00:00
2016-04-14,09:00:00,102.06060606060608,13.484848484848486,0.22474754545454542,487.69696969696963,2016-04-14T09:00:00
2016-04-15,09:00:00,107.93939393939391,15.484848484848492,0.25808081818181811,374.36363636363649,2016-04-15T09:00:00
2016-04-16,09:00:00,120.21874999999999,23.125000000000004,0.38541674999999992,785.15625000000011,2016-04-16T09:00:00
2016-04-17,09:00:00,115.09374999999999,14.593749999999996,0.24322915625000005,383.625,2016-04-17T09:00:00
2016-04-18,09:00:00,121.875,20.468749999999989,0.34114578124999995,654.71874999999989,2016-04-18T09:00:00
2016-04-19,09:00:00,95.125000000000014,10.312500000000002,0.17187503125,270.90625000000006,2016-04-19T09:00:00
2016-04-20,09:00:00,118.68749999999999,22.000000000000004,0.366666625,605.96874999999977,2016-04-20T09:00:00
2016-04-21,09:00:00,102.125,14.843750000000004,0.24739581249999998,414.15625,2016-04-21T09:00:00
2016-04-22,09:00:00,111.28125,18.531249999999996,0.30885421875,577.18750000000011,2016-04-22T09:00:00
2016-04-23,09:00:00,116.12499999999997,18.124999999999996,0.30208337499999993,446.31250000000006,2016-04-23T09:00:00
2016-04-24,09:00:00,99.5625,13.781250000000002,0.22968746874999998,345.99999999999994,2016-04-24T09:00:00
2016-04-25,09:00:00,117.09375000000003,20.937500000000004,0.3489583125,574.03125,2016-04-25T09:00:00
2016-04-26,09:00:00,100.53124999999999,13.34375,0.22239584374999996,403.68750000000011,2016-04-26T09:00:00
2016-04-27,09:00:00,96.53125,11.218749999999998,0.18697921875000004,286.68749999999994,2016-04-27T09:00:00
2016-04-28,09:00:00,99.156250000000014,13.249999999999996,0.22083334374999994,328.0,2016-04-28T09:00:00
2016-04-29,09:00:00,101.61290322580643,12.806451612903224,0.21344083870967739,304.06451612903226,2016-04-29T09:00:00
2016-04-30,09:00:00,105.26666666666665,15.6,0.25999996666666669,338.66666666666663,2016-04-30T09:00:00
2016-05-01,09:00:00,115.76666666666667,20.5,0.34166669999999988,695.56666666666672,2016-05-01T09:00:00
2016-05-02,09:00:00,99.931034482758633,12.758620689655173,0.21264368965517241,398.27586206896558,2016-05-02T09:00:00
2016-05-03,09:00:00,101.82758620689656,12.172413793103447,0.20287355172413796,361.58620689655174,2016-05-03T09:00:00
2016-05-04,09:00:00,104.17241379310343,13.793103448275865,0.22988506896551722,394.48275862068971,2016-05-04T09:00:00
2016-05-05,09:00:00,112.79310344827584,19.206896551724135,0.3201149310344828,553.06896551724151,2016-05-05T09:00:00
2016-05-06,09:00:00,105.51724137931033,13.724137931034484,0.2287355862068966,402.65517241379314,2016-05-06T09:00:00
2016-05-07,09:00:00,116.32142857142858,19.107142857142858,0.31845239285714289,440.78571428571445,2016-05-07T09:00:00
2016-05-08,09:00:00,91.81481481481481,9.9999999999999982,0.16666662962962966,216.81481481481484,2016-05-08T09:00:00
2016-05-09,09:00:00,99.148148148148138,12.407407407407407,0.20679018518518519,329.59259259259255,2016-05-09T09:00:00
2016-05-10,09:00:00,101.0,13.166666666666664,0.21944441666666664,384.5,2016-05-10T09:00:00
2016-05-11,09:00:00,96.3913043478261,12.043478260869566,0.20072456521739132,344.304347826087,2016-05-11T09:00:00
2016-05-12,09:00:00,98.888888888888886,11.555555555555555,0.19259255555555557,305.61111111111103,2016-05-12T09:00:00
2016-04-12,10:00:00,119.06060606060606,22.000000000000007,0.36666666666666659,785.06060606060612,2016-04-12T10:00:00
2016-04-13,10:00:00,94.030303030303017,11.939393939393939,0.19898987878787872,357.12121212121207,2016-04-13T10:00:00
2016-04-14,10:00:00,103.24242424242425,16.151515151515152,0.26919190909090912,458.93939393939388,2016-04-14T10:00:00
2016-04-15,10:00:00,97.606060606060609,12.363636363636363,0.20606060606060608,356.90909090909093,2016-04-15T10:00:00
2016-04-16,10:00:00,112.87499999999999,18.4375,0.30729159375,461.09375000000006,2016-04-16T10:00:00
2016-04-17,10:00:00,108.12500000000001,16.312500000000004,0.27187503125,473.875,2016-04-17T10:00:00
2016-04-18,10:00:00,128.99999999999997,25.875,0.43125009375,642.84375,2016-04-18T10:00:00
2016-04-19,10:00:00,101.34375,14.593750000000002,0.24322915625,398.65625000000006,2016-04-19T10:00:00
2016-04-20,10:00:00,101.96875000000001,14.187499999999996,0.23645824999999998,389.28125000000006,2016-04-20T10:00:00
2016-04-21,10:00:00,110.46875,18.312500000000004,0.30520837500000003,512.87500000000011,2016-04-21T10:00:00
2016-04-22,10:00:00,96.218750000000014,12.656249999999998,0.21093753125,313.75,2016-04-22T10:00:00
2016-04-23,10:00:00,117.28125,18.500000000000004,0.3083333125,472.53125000000011,2016-04-23T10:00:00
2016-04-24,10:00:00,113.49999999999999,18.749999999999996,0.31250003125000009,499.71875,2016-04-24T10:00:00
2016-04-25,10:00:00,121.9375,22.281249999999993,0.37135418749999993,623.96875000000011,2016-04-25T10:00:00
2016-04-26,10:00:00,109.96875000000001,17.75,0.2958333125,403.125,2016-04-26T10:00:00
2016-04-27,10:00:00,96.46875,12.374999999999998,0.20624996875,308.5625,2016-04-27T10:00:00
2016-04-28,10:00:00,106.84375000000001,16.156250000000007,0.26927087499999997,462.28125,2016-04-28T10:00:00
2016-04-29,10:00:00,106.64516129032258,15.193548387096774,0.25322580645161308,394.00000000000006,2016-04-29T10:00:00
2016-04-30,10:00:00,121.66666666666667,22.0,0.36666673333333333,509.33333333333326,2016-04-30T10:00:00
2016-05-01,10:00:00,134.83333333333331,29.266666666666666,0.48777773333333346,918.63333333333321,2016-05-01T10:00:00
2016-05-02,10:00:00,102.17241379310346,13.551724137931034,0.22586210344827592,396.58620689655169,2016-05-02T10:00:00
2016-05-03,10:00:00,119.75862068965517,20.758620689655171,0.345977,488.6206896551725,2016-05-03T10:00:00
2016-05-04,10:00:00,110.44827586206897,17.31034482758621,0.28850579310344832,439.34482758620686,2016-05-04T10:00:00
2016-05-05,10:00:00,120.82758620689657,21.241379310344822,0.35402296551724138,570.17241379310349,2016-05-05T10:00:00
2016-05-06,10:00:00,100.82758620689653,12.551724137931036,0.20919541379310339,305.4137931034482,2016-05-06T10:00:00
2016-05-07,10:00:00,117.66666666666667,19.37037037037036,0.32283959259259254,548.111111111111,2016-05-07T10:00:00
2016-05-08,10:00:00,110.03703703703705,16.259259259259256,0.27098759259259264,437.85185185185185,2016-05-08T10:00:00
2016-05-09,10:00:00,111.44444444444444,19.259259259259256,0.32098766666666656,535.14814814814815,2016-05-09T10:00:00
2016-05-10,10:00:00,116.20833333333334,19.374999999999996,0.32291670833333325,519.5,2016-05-10T10:00:00
2016-05-11,10:00:00,102.04347826086958,14.652173913043478,0.24420291304347827,373.3478260869565,2016-05-11T10:00:00
2016-05-12,10:00:00,115.58823529411764,18.941176470588232,0.31568629411764704,651.05882352941171,2016-05-12T10:00:00
2016-04-12,11:00:00,110.33333333333333,15.696969696969697,0.26161621212121211,432.54545454545456,2016-04-12T11:00:00
2016-04-13,11:00:00,97.818181818181813,11.878787878787882,0.19797978787878789,320.27272727272725,2016-04-13T11:00:00
2016-04-14,11:00:00,109.48484848484848,17.333333333333332,0.288889,439.060606060606,2016-04-14T11:00:00
2016-04-15,11:00:00,115.15151515151514,18.939393939393934,0.31565660606060614,550.42424242424227,2016-04-15T11:00:00
2016-04-16,11:00:00,116.28125,20.937500000000004,0.3489583125,591.21875000000023,2016-04-16T11:00:00
2016-04-17,11:00:00,101.53125000000003,14.843749999999998,0.24739584374999996,322.46875000000006,2016-04-17T11:00:00
2016-04-18,11:00:00,103.875,16.09375,0.26822918749999997,387.6875,2016-04-18T11:00:00
2016-04-19,11:00:00,97.656250000000014,12.78125,0.2130208125,251.34374999999997,2016-04-19T11:00:00
2016-04-20,11:00:00,108.5625,16.343750000000004,0.27239578125,396.28124999999989,2016-04-20T11:00:00
2016-04-21,11:00:00,117.78125000000001,19.843749999999996,0.33072921875000011,576.21875000000011,2016-04-21T11:00:00
2016-04-22,11:00:00,101.71874999999999,13.968749999999996,0.23281253125000004,367.37500000000006,2016-04-22T11:00:00
2016-04-23,11:00:00,127.49999999999999,23.625,0.39375006250000005,703.1875,2016-04-23T11:00:00
2016-04-24,11:00:00,119.96874999999999,21.53125,0.35885415624999994,561.78125,2016-04-24T11:00:00
2016-04-25,11:00:00,105.81249999999997,15.531250000000002,0.2588541875,418.43750000000011,2016-04-25T11:00:00
2016-04-26,11:00:00,113.5,18.125,0.30208328125000006,485.71875,2016-04-26T11:00:00
2016-04-27,11:00:00,118.25,21.531250000000004,0.35885415625000011,694.65625,2016-04-27T11:00:00
2016-04-28,11:00:00,107.3125,15.46875,0.2578124375,429.68749999999994,2016-04-28T11:00:00
2016-04-29,11:00:00,108.12903225806454,16.516129032258068,0.27526883870967744,470.9354838709678,2016-04-29T11:00:00
2016-04-30,11:00:00,137.59999999999997,27.099999999999998,0.45166666666666655,704.13333333333321,2016-04-30T11:00:00
2016-05-01,11:00:00,110.73333333333333,17.3,0.28833326666666664,397.86666666666667,2016-05-01T11:00:00
2016-05-02,11:00:00,99.482758620689637,13.793103448275861,0.22988506896551725,366.37931034482762,2016-05-02T11:00:00
2016-05-03,11:00:00,104.62068965517241,15.344827586206895,0.25574713793103449,412.31034482758622,2016-05-03T11:00:00
2016-05-04,11:00:00,95.068965517241381,11.000000000000002,0.18333331034482761,279.20689655172418,2016-05-04T11:00:00
2016-05-05,11:00:00,105.72413793103449,16.206896551724132,0.27011496551724135,451.86206896551732,2016-05-05T11:00:00
2016-05-06,11:00:00,105.9655172413793,13.068965517241379,0.21781610344827584,373.86206896551732,2016-05-06T11:00:00
2016-05-07,11:00:00,121.0,19.481481481481485,0.32469137037037032,543.0,2016-05-07T11:00:00
2016-05-08,11:00:00,104.55555555555556,14.185185185185185,0.23641977777777781,401.7407407407407,2016-05-08T11:00:00
2016-05-09,11:00:00,99.4074074074074,12.407407407407407,0.20679011111111109,356.51851851851859,2016-05-09T11:00:00
2016-05-10,11:00:00,119.37500000000001,20.666666666666664,0.34444445833333331,529.62499999999989,2016-05-10T11:00:00
2016-05-11,11:00:00,114.17391304347825,17.043478260869566,0.28405791304347827,525.91304347826087,2016-05-11T11:00:00
2016-05-12,11:00:00,103.66666666666666,14.0,0.23333333333333336,390.6,2016-05-12T11:00:00
2016-04-12,12:00:00,119.87878787878785,17.909090909090914,0.29848475757575754,567.39393939393938,2016-04-12T12:00:00
2016-04-13,12:00:00,124.30303030303031,23.303030303030305,0.38838381818181822,703.0,2016-04-13T12:00:00
2016-04-14,12:00:00,107.03030303030303,15.363636363636362,0.25606054545454549,386.39393939393938,2016-04-14T12:00:00
2016-04-15,12:00:00,103.36363636363636,14.757575757575763,0.24595957575757574,370.66666666666669,2016-04-15T12:00:00
2016-04-16,12:00:00,129.24999999999997,23.906250000000004,0.39843750000000006,819.0625,2016-04-16T12:00:00
2016-04-17,12:00:00,111.53125,16.9375,0.282291625,394.21875,2016-04-17T12:00:00
2016-04-18,12:00:00,128.875,24.906250000000004,0.41510418750000005,743.65625,2016-04-18T12:00:00
2016-04-19,12:00:00,128.3125,25.34375,0.42239581249999997,714.78124999999989,2016-04-19T12:00:00
2016-04-20,12:00:00,117.31250000000001,21.0625,0.35104165624999994,526.1875,2016-04-20T12:00:00
2016-04-21,12:00:00,117.18750000000001,20.78125,0.34635418749999991,630.71875,2016-04-21T12:00:00
2016-04-22,12:00:00,107.53124999999999,16.78125,0.27968749999999992,408.53125000000006,2016-04-22T12:00:00
2016-04-23,12:00:00,123.90625,22.874999999999996,0.38125009374999991,545.62500000000011,2016-04-23T12:00:00
2016-04-24,12:00:00,113.0,18.34375,0.30572915625,505.62500000000006,2016-04-24T12:00:00
2016-04-25,12:00:00,120.84374999999999,19.875,0.33124990625,572.25,2016-04-25T12:00:00
2016-04-26,12:00:00,142.49999999999997,33.21875,0.55364587500000007,937.46875,2016-04-26T12:00:00
2016-04-27,12:00:00,109.09375000000001,17.125,0.28541668750000004,467.40625000000006,2016-04-27T12:00:00
2016-04-28,12:00:00,120.78125,22.531250000000004,0.37552087500000003,705.28125,2016-04-28T12:00:00
2016-04-29,12:00:00,118.6774193548387,22.387096774193548,0.37311825806451621,655.80645161290317,2016-04-29T12:00:00
2016-04-30,12:00:00,131.2,24.533333333333331,0.40888896666666669,658.23333333333335,2016-04-30T12:00:00
2016-05-01,12:00:00,104.56666666666663,14.666666666666666,0.24444453333333338,349.1,2016-05-01T12:00:00
2016-05-02,12:00:00,99.6551724137931,14.448275862068966,0.24080458620689651,369.62068965517244,2016-05-02T12:00:00
2016-05-03,12:00:00,103.58620689655173,14.482758620689655,0.241379275862069,392.20689655172413,2016-05-03T12:00:00
2016-05-04,12:00:00,98.10344827586205,11.206896551724141,0.18678155172413793,283.37931034482762,2016-05-04T12:00:00
2016-05-05,12:00:00,114.34482758620689,17.862068965517242,0.29770110344827583,504.5517241379311,2016-05-05T12:00:00
2016-05-06,12:00:00,108.48275862068964,13.862068965517238,0.23103448275862065,370.5862068965518,2016-05-06T12:00:00
2016-05-07,12:00:00,141.18518518518519,25.851851851851851,0.43086425925925931,662.962962962963,2016-05-07T12:00:00
2016-05-08,12:00:00,119.37037037037038,20.777777777777779,0.34629629629629627,575.074074074074,2016-05-08T12:00:00
2016-05-09,12:00:00,107.65384615384616,17.0,0.28333330769230763,373.1153846153847,2016-05-09T12:00:00
2016-05-10,12:00:00,125.04166666666667,22.416666666666668,0.37361108333333332,649.75,2016-05-10T12:00:00
2016-05-11,12:00:00,118.23809523809524,18.952380952380953,0.31587295238095237,523.47619047619048,2016-05-11T12:00:00
2016-05-12,12:00:00,118.46153846153847,21.23076923076923,0.35384623076923083,609.30769230769238,2016-05-12T12:00:00
2016-04-12,13:00:00,105.21212121212122,14.90909090909091,0.24848487878787878,427.87878787878788,2016-04-12T13:00:00
2016-04-13,13:00:00,98.272727272727252,11.757575757575758,0.19595960606060606,358.45454545454538,2016-04-13T13:00:00
2016-04-14,13:00:00,103.42424242424242,14.606060606060604,0.243434303030303,431.96969696969694,2016-04-14T13:00:00
2016-04-15,13:00:00,113.15151515151516,17.393939393939394,0.28989903030303027,522.15151515151513,2016-04-15T13:00:00
2016-04-16,13:00:00,144.4375,30.3125,0.50520831249999987,941.59375,2016-04-16T13:00:00
2016-04-17,13:00:00,108.96875,16.1875,0.2697916562499999,448.78125000000011,2016-04-17T13:00:00
2016-04-18,13:00:00,110.00000000000001,17.59375,0.293229125,540.87499999999989,2016-04-18T13:00:00
2016-04-19,13:00:00,115.3125,20.90625,0.34843746875000003,622.625,2016-04-19T13:00:00
2016-04-20,13:00:00,115.53125,20.0625,0.33437493750000008,565.71875000000011,2016-04-20T13:00:00
2016-04-21,13:00:00,101.34374999999997,12.499999999999998,0.20833331250000003,375.25000000000011,2016-04-21T13:00:00
2016-04-22,13:00:00,112.3125,18.906250000000004,0.31510421874999989,553.87500000000023,2016-04-22T13:00:00
2016-04-23,13:00:00,153.9375,32.906250000000007,0.5484374375,769.37499999999989,2016-04-23T13:00:00
2016-04-24,13:00:00,117.9375,19.09375,0.31822906250000005,575.90625000000011,2016-04-24T13:00:00
2016-04-25,13:00:00,115.37499999999999,19.03125,0.31718746875000003,548.12500000000011,2016-04-25T13:00:00
2016-04-26,13:00:00,115.93749999999997,19.78125,0.32968753124999994,576.84375,2016-04-26T13:00:00
2016-04-27,13:00:00,111.81249999999999,17.3125,0.28854168750000003,495.93750000000006,2016-04-27T13:00:00
2016-04-28,13:00:00,115.59374999999999,19.375000000000007,0.322916625,566.5,2016-04-28T13:00:00
2016-04-29,13:00:00,105.99999999999999,14.838709677419356,0.24731187096774196,424.54838709677415,2016-04-29T13:00:00
2016-04-30,13:00:00,147.46666666666667,29.033333333333331,0.48388890000000007,883.83333333333326,2016-04-30T13:00:00
2016-05-01,13:00:00,111.46666666666665,16.433333333333334,0.27388886666666667,386.0,2016-05-01T13:00:00
2016-05-02,13:00:00,99.482758620689637,13.448275862068968,0.22413789655172417,405.68965517241378,2016-05-02T13:00:00
2016-05-03,13:00:00,105.51724137931035,15.896551724137931,0.26494251724137929,422.4482758620689,2016-05-03T13:00:00
2016-05-04,13:00:00,93.931034482758633,9.3448275862068986,0.15574720689655172,257.65517241379308,2016-05-04T13:00:00
2016-05-05,13:00:00,103.27586206896551,14.689655172413795,0.24482762068965511,443.62068965517238,2016-05-05T13:00:00
2016-05-06,13:00:00,109.27586206896552,16.724137931034484,0.27873558620689654,470.89655172413796,2016-05-06T13:00:00
2016-05-07,13:00:00,136.55555555555557,24.370370370370374,0.40617281481481482,485.37037037037038,2016-05-07T13:00:00
2016-05-08,13:00:00,130.07407407407405,23.037037037037035,0.38395055555555552,588.59259259259261,2016-05-08T13:00:00
2016-05-09,13:00:00,116.23076923076923,19.730769230769226,0.3288461923076923,641.88461538461536,2016-05-09T13:00:00
2016-05-10,13:00:00,126.95833333333334,22.583333333333336,0.37638891666666668,762.08333333333326,2016-05-10T13:00:00
2016-05-11,13:00:00,127.09523809523809,24.80952380952381,0.41349200000000008,772.23809523809518,2016-05-11T13:00:00
2016-05-12,13:00:00,106.83333333333333,16.333333333333332,0.27222225,476.83333333333331,2016-05-12T13:00:00
2016-04-12,14:00:00,110.1818181818182,17.060606060606062,0.28434339393939378,488.60606060606062,2016-04-12T14:00:00
2016-04-13,14:00:00,94.303030303030283,11.909090909090908,0.19848490909090905,316.33333333333326,2016-04-13T14:00:00
2016-04-14,14:00:00,118.87878787878786,18.545454545454547,0.30909096969696964,461.69696969696969,2016-04-14T14:00:00
2016-04-15,14:00:00,108.33333333333333,16.939393939393938,0.28232312121212122,416.0,2016-04-15T14:00:00
2016-04-16,14:00:00,128.74999999999997,23.437499999999996,0.39062503124999992,623.375,2016-04-16T14:00:00
2016-04-17,14:00:00,117.34374999999999,20.874999999999996,0.3479166875,607.34375,2016-04-17T14:00:00
2016-04-18,14:00:00,100.84374999999999,12.968749999999998,0.21614584374999998,371.93750000000006,2016-04-18T14:00:00
2016-04-19,14:00:00,109.56250000000001,17.062500000000004,0.2843750000000001,407.46874999999994,2016-04-19T14:00:00
2016-04-20,14:00:00,121.96874999999999,21.781250000000004,0.36302084375000004,574.59374999999989,2016-04-20T14:00:00
2016-04-21,14:00:00,116.84375000000001,19.437499999999996,0.32395828125000009,529.50000000000011,2016-04-21T14:00:00
2016-04-22,14:00:00,96.656250000000014,12.8125,0.21354162500000004,311.15625,2016-04-22T14:00:00
2016-04-23,14:00:00,141.21875,27.687500000000004,0.46145834375000006,814.65625,2016-04-23T14:00:00
2016-04-24,14:00:00,125.65625000000001,22.843749999999996,0.38072918749999995,705.93749999999989,2016-04-24T14:00:00
2016-04-25,14:00:00,101.15624999999999,13.499999999999998,0.22500000000000003,386.90624999999994,2016-04-25T14:00:00
2016-04-26,14:00:00,97.593749999999986,12.468749999999998,0.20781253125000002,345.0625,2016-04-26T14:00:00
2016-04-27,14:00:00,112.81250000000001,19.500000000000004,0.32500003125,556.37500000000011,2016-04-27T14:00:00
2016-04-28,14:00:00,122.78125000000001,21.718749999999996,0.36197912500000012,629.18749999999989,2016-04-28T14:00:00
2016-04-29,14:00:00,125.83870967741937,22.548387096774192,0.37580638709677416,645.64516129032268,2016-04-29T14:00:00
2016-04-30,14:00:00,144.13333333333335,24.3,0.40500003333333329,799.0,2016-04-30T14:00:00
2016-05-01,14:00:00,101.20000000000002,12.933333333333334,0.21555556666666667,341.9666666666667,2016-05-01T14:00:00
2016-05-02,14:00:00,98.724137931034477,15.344827586206895,0.25574717241379308,431.17241379310332,2016-05-02T14:00:00
2016-05-03,14:00:00,107.20689655172414,15.96551724137931,0.266092,465.41379310344831,2016-05-03T14:00:00
2016-05-04,14:00:00,110.89655172413792,18.103448275862068,0.30172413793103453,515.17241379310349,2016-05-04T14:00:00
2016-05-05,14:00:00,112.75862068965517,16.689655172413797,0.2781609655172414,484.62068965517244,2016-05-05T14:00:00
2016-05-06,14:00:00,133.31034482758619,21.068965517241377,0.35114937931034484,826.20689655172418,2016-05-06T14:00:00
2016-05-07,14:00:00,117.92592592592591,18.518518518518519,0.308641962962963,537.40740740740739,2016-05-07T14:00:00
2016-05-08,14:00:00,132.03703703703704,24.222222222222221,0.40370366666666668,654.62962962962968,2016-05-08T14:00:00
2016-05-09,14:00:00,121.6153846153846,21.884615384615383,0.36474361538461542,620.92307692307691,2016-05-09T14:00:00
2016-05-10,14:00:00,109.125,16.333333333333332,0.27222220833333327,463.12499999999994,2016-05-10T14:00:00
2016-05-11,14:00:00,134.76190476190476,29.095238095238102,0.48492066666666667,885.71428571428578,2016-05-11T14:00:00
2016-05-12,14:00:00,134.75,25.499999999999996,0.425,950.91666666666663,2016-05-12T14:00:00
2016-04-12,15:00:00,101.57575757575758,13.272727272727272,0.22121215151515156,332.81818181818176,2016-04-12T15:00:00
2016-04-13,15:00:00,90.727272727272734,10.575757575757576,0.1762626363636364,244.90909090909091,2016-04-13T15:00:00
2016-04-14,15:00:00,102.93939393939394,13.212121212121213,0.2202020606060606,294.60606060606062,2016-04-14T15:00:00
2016-04-15,15:00:00,100.72727272727275,13.181818181818183,0.21969693939393936,326.84848484848487,2016-04-15T15:00:00
2016-04-16,15:00:00,113.53124999999999,18.4375,0.30729162499999996,476.09374999999994,2016-04-16T15:00:00
2016-04-17,15:00:00,104.21875000000001,15.375000000000002,0.25625000000000009,438.81250000000006,2016-04-17T15:00:00
2016-04-18,15:00:00,102.56250000000003,13.3125,0.221875125,339.46875000000006,2016-04-18T15:00:00
2016-04-19,15:00:00,107.06249999999999,17.218749999999996,0.28697915625,403.53124999999989,2016-04-19T15:00:00
2016-04-20,15:00:00,110.0625,16.750000000000004,0.27916668749999995,466.875,2016-04-20T15:00:00
2016-04-21,15:00:00,119.1875,18.34375,0.30572915625,572.21875,2016-04-21T15:00:00
2016-04-22,15:00:00,96.4375,13.374999999999998,0.22291671875000005,306.12499999999989,2016-04-22T15:00:00
2016-04-23,15:00:00,112.875,19.15625,0.31927084375000009,476.75,2016-04-23T15:00:00
2016-04-24,15:00:00,136.5,27.062500000000004,0.45104165625,779.15625000000011,2016-04-24T15:00:00
2016-04-25,15:00:00,95.093749999999986,12.187500000000004,0.2031250625,294.15625,2016-04-25T15:00:00
2016-04-26,15:00:00,105.78125,15.125,0.25208334375,400.37500000000006,2016-04-26T15:00:00
2016-04-27,15:00:00,113.34374999999999,17.21875,0.286979125,483.09375000000006,2016-04-27T15:00:00
2016-04-28,15:00:00,101.56250000000001,14.250000000000002,0.23750003125,322.75000000000011,2016-04-28T15:00:00
2016-04-29,15:00:00,109.67741935483873,18.41935483870968,0.30698929032258065,443.25806451612908,2016-04-29T15:00:00
2016-04-30,15:00:00,135.16666666666666,23.700000000000006,0.39500003333333333,770.0,2016-04-30T15:00:00
2016-05-01,15:00:00,95.800000000000011,10.733333333333334,0.1788888333333333,273.86666666666667,2016-05-01T15:00:00
2016-05-02,15:00:00,90.448275862068982,9.62068965517241,0.16034479310344832,215.10344827586209,2016-05-02T15:00:00
2016-05-03,15:00:00,100.13793103448275,12.586206896551722,0.2097701034482759,328.655172413793,2016-05-03T15:00:00
2016-05-04,15:00:00,97.103448275862064,12.344827586206895,0.20574710344827588,308.79310344827582,2016-05-04T15:00:00
2016-05-05,15:00:00,104.55172413793105,16.068965517241381,0.26781610344827589,402.51724137931035,2016-05-05T15:00:00
2016-05-06,15:00:00,103.10344827586208,13.482758620689658,0.22471265517241379,307.448275862069,2016-05-06T15:00:00
2016-05-07,15:00:00,107.85185185185185,14.59259259259259,0.24320988888888889,390.70370370370364,2016-05-07T15:00:00
2016-05-08,15:00:00,115.6296296296296,18.111111111111111,0.30185188888888892,488.55555555555554,2016-05-08T15:00:00
2016-05-09,15:00:00,119.38461538461539,19.115384615384613,0.31858973076923081,539.73076923076928,2016-05-09T15:00:00
2016-05-10,15:00:00,98.250000000000014,12.291666666666666,0.20486116666666668,283.375,2016-05-10T15:00:00
2016-05-11,15:00:00,110.76190476190477,17.19047619047619,0.2865079047619048,471.04761904761904,2016-05-11T15:00:00
2016-05-12,15:00:00,101.16666666666667,22.166666666666668,0.36944433333333332,512.0,2016-05-12T15:00:00
2016-04-12,16:00:00,112.63636363636363,16.454545454545453,0.274242393939394,442.90909090909093,2016-04-12T16:00:00
2016-04-13,16:00:00,105.69696969696972,16.030303030303031,0.26717169696969689,430.75757575757569,2016-04-13T16:00:00
2016-04-14,16:00:00,124.33333333333334,19.18181818181818,0.31969693939393939,582.12121212121224,2016-04-14T16:00:00
2016-04-15,16:00:00,114.3125,19.812500000000004,0.33020837500000011,554.8125,2016-04-15T16:00:00
2016-04-16,16:00:00,98.062499999999986,12.5625,0.20937493749999997,313.65625,2016-04-16T16:00:00
2016-04-17,16:00:00,90.187500000000014,9.8125000000000018,0.16354162500000002,234.59375,2016-04-17T16:00:00
2016-04-18,16:00:00,113.25000000000001,18.312500000000007,0.30520825000000007,589.34375000000011,2016-04-18T16:00:00
2016-04-19,16:00:00,147.25,26.78125,0.4463540625,938.84374999999977,2016-04-19T16:00:00
2016-04-20,16:00:00,115.40625,19.28125,0.32135415625000008,460.1875,2016-04-20T16:00:00
2016-04-21,16:00:00,124.65625000000001,19.65625,0.32760412500000008,469.96875000000006,2016-04-21T16:00:00
2016-04-22,16:00:00,107.00000000000001,16.312499999999996,0.27187496875000006,404.4375,2016-04-22T16:00:00
2016-04-23,16:00:00,111.93749999999999,18.218749999999996,0.303645875,508.03124999999994,2016-04-23T16:00:00
2016-04-24,16:00:00,106.34375000000001,16.25,0.27083334375000007,400.1875,2016-04-24T16:00:00
2016-04-25,16:00:00,109.15625,18.0,0.30000006250000005,443.5,2016-04-25T16:00:00
2016-04-26,16:00:00,102.37500000000001,13.656250000000004,0.22760421875000003,334.56250000000006,2016-04-26T16:00:00
2016-04-27,16:00:00,102.0625,13.625000000000002,0.22708334375000006,364.40625000000006,2016-04-27T16:00:00
2016-04-28,16:00:00,116.46875,20.28125,0.33802078125,587.62500000000011,2016-04-28T16:00:00
2016-04-29,16:00:00,114.54838709677419,18.516129032258061,0.30860222580645164,575.51612903225794,2016-04-29T16:00:00
2016-04-30,16:00:00,109.70000000000002,17.166666666666664,0.28611110000000006,520.16666666666674,2016-04-30T16:00:00
2016-05-01,16:00:00,108.82758620689661,14.827586206896552,0.24712641379310343,348.13793103448268,2016-05-01T16:00:00
2016-05-02,16:00:00,105.86206896551727,16.689655172413797,0.27816093103448281,414.55172413793093,2016-05-02T16:00:00
2016-05-03,16:00:00,113.13793103448278,18.344827586206893,0.30574724137931036,504.34482758620692,2016-05-03T16:00:00
2016-05-04,16:00:00,106.82758620689656,14.103448275862068,0.2350575172413793,401.0344827586207,2016-05-04T16:00:00
2016-05-05,16:00:00,118.9655172413793,20.172413793103448,0.33620693103448274,621.79310344827593,2016-05-05T16:00:00
2016-05-06,16:00:00,112.13793103448275,16.551724137931032,0.27586206896551724,442.89655172413791,2016-05-06T16:00:00
2016-05-07,16:00:00,125.37037037037037,22.037037037037038,0.3672839259259259,718.96296296296293,2016-05-07T16:00:00
2016-05-08,16:00:00,116.00000000000001,19.592592592592595,0.32654314814814805,489.55555555555549,2016-05-08T16:00:00
2016-05-09,16:00:00,138.53846153846155,24.615384615384617,0.410256423076923,810.076923076923,2016-05-09T16:00:00
2016-05-10,16:00:00,104.83333333333334,13.583333333333334,0.226389,369.62499999999994,2016-05-10T16:00:00
2016-05-11,16:00:00,134.52380952380955,23.952380952380949,0.39920638095238092,762.19047619047626,2016-05-11T16:00:00
2016-04-12,17:00:00,127.09090909090911,21.454545454545453,0.35757566666666668,623.60606060606062,2016-04-12T17:00:00
2016-04-13,17:00:00,127.30303030303027,26.757575757575754,0.44595963636363634,557.96969696969688,2016-04-13T17:00:00
2016-04-14,17:00:00,134.75757575757575,27.424242424242429,0.45707072727272724,754.87878787878788,2016-04-14T17:00:00
2016-04-15,17:00:00,107.125,16.96875,0.28281253125,434.21874999999994,2016-04-15T17:00:00
2016-04-16,17:00:00,105.00000000000001,16.1875,0.26979171875,435.0625,2016-04-16T17:00:00
2016-04-17,17:00:00,114.28125000000001,21.937499999999996,0.36562496874999983,579.03125,2016-04-17T17:00:00
2016-04-18,17:00:00,113.78124999999999,18.687500000000004,0.31145840625,354.84374999999994,2016-04-18T17:00:00
2016-04-19,17:00:00,118.37500000000001,21.125,0.35208334375000006,476.15625000000006,2016-04-19T17:00:00
2016-04-20,17:00:00,134.24999999999997,24.125000000000007,0.4020833124999999,671.78125,2016-04-20T17:00:00
2016-04-21,17:00:00,115.09375000000001,19.968749999999996,0.3328124375,441.09375,2016-04-21T17:00:00
2016-04-22,17:00:00,114.625,19.59375,0.32656253125,376.8125,2016-04-22T17:00:00
2016-04-23,17:00:00,114.37500000000001,19.65625,0.32760409375000005,518.15624999999989,2016-04-23T17:00:00
2016-04-24,17:00:00,132.12499999999997,22.281249999999993,0.37135412500000009,631.84375,2016-04-24T17:00:00
2016-04-25,17:00:00,123.40624999999997,24.218750000000004,0.40364584375,608.46875,2016-04-25T17:00:00
2016-04-26,17:00:00,116.53125,20.218750000000004,0.33697915625,498.71875000000006,2016-04-26T17:00:00
2016-04-27,17:00:00,133.3125,24.531250000000004,0.40885418750000008,743.46874999999989,2016-04-27T17:00:00
2016-04-28,17:00:00,123.75000000000001,22.281250000000007,0.37135415624999996,487.65625,2016-04-28T17:00:00
2016-04-29,17:00:00,120.32258064516128,21.032258064516132,0.35053761290322577,443.54838709677421,2016-04-29T17:00:00
2016-04-30,17:00:00,109.73333333333335,16.266666666666669,0.27111109999999994,469.80000000000013,2016-04-30T17:00:00
2016-05-01,17:00:00,115.51724137931033,17.96551724137931,0.29942527586206896,478.00000000000006,2016-05-01T17:00:00
2016-05-02,17:00:00,115.10344827586206,19.103448275862068,0.31839082758620696,410.20689655172413,2016-05-02T17:00:00
2016-05-03,17:00:00,134.41379310344826,26.689655172413794,0.4448276206896552,628.103448275862,2016-05-03T17:00:00
2016-05-04,17:00:00,149.65517241379311,26.793103448275858,0.44655175862068969,917.17241379310349,2016-05-04T17:00:00
2016-05-05,17:00:00,115.10344827586208,18.862068965517242,0.31436782758620696,516.344827586207,2016-05-05T17:00:00
2016-05-06,17:00:00,110.65517241379312,18.0,0.30000000000000004,324.44827586206895,2016-05-06T17:00:00
2016-05-07,17:00:00,111.55555555555554,15.444444444444443,0.25740748148148163,433.66666666666663,2016-05-07T17:00:00
2016-05-08,17:00:00,115.74074074074073,19.851851851851848,0.33086418518518518,446.925925925926,2016-05-08T17:00:00
2016-05-09,17:00:00,141.64,27.12,0.45199999999999996,600.68000000000018,2016-05-09T17:00:00
2016-05-10,17:00:00,145.79166666666666,28.958333333333332,0.482638875,931.50000000000011,2016-05-10T17:00:00
2016-05-11,17:00:00,161.28571428571428,29.809523809523807,0.49682542857142864,877.47619047619037,2016-05-11T17:00:00
2016-04-12,18:00:00,121.78787878787878,21.424242424242426,0.3570706363636364,579.09090909090912,2016-04-12T18:00:00
2016-04-13,18:00:00,128.72727272727275,24.09090909090909,0.40151521212121211,618.60606060606062,2016-04-13T18:00:00
2016-04-14,18:00:00,124.66666666666667,22.000000000000004,0.36666672727272726,630.84848484848476,2016-04-14T18:00:00
2016-04-15,18:00:00,143.0,28.28125,0.47135421875,688.78124999999989,2016-04-15T18:00:00
2016-04-16,18:00:00,110.125,17.0625,0.28437503125,435.09375000000011,2016-04-16T18:00:00
2016-04-17,18:00:00,116.12500000000001,18.75,0.31250006249999995,433.5,2016-04-17T18:00:00
2016-04-18,18:00:00,130.56249999999997,26.40625,0.44010425000000003,721.34374999999977,2016-04-18T18:00:00
2016-04-19,18:00:00,116.625,19.3125,0.32187499999999997,491.62500000000017,2016-04-19T18:00:00
2016-04-20,18:00:00,135.59374999999994,23.625,0.39374996875,682.75,2016-04-20T18:00:00
2016-04-21,18:00:00,116.84374999999999,21.656249999999993,0.36093750000000008,576.96875,2016-04-21T18:00:00
2016-04-22,18:00:00,132.03125,24.53125,0.4088541562500001,791.40624999999977,2016-04-22T18:00:00
2016-04-23,18:00:00,116.5625,18.9375,0.31562496874999996,498.40624999999994,2016-04-23T18:00:00
2016-04-24,18:00:00,121.65625,21.65625,0.36093737499999995,579.0625,2016-04-24T18:00:00
2016-04-25,18:00:00,123.15625000000001,21.03125,0.35052081250000006,470.8125,2016-04-25T18:00:00
2016-04-26,18:00:00,131.96874999999997,24.906250000000004,0.41510415625,745.0,2016-04-26T18:00:00
2016-04-27,18:00:00,155.84374999999997,33.96875,0.56614590625,1152.9375000000002,2016-04-27T18:00:00
2016-04-28,18:00:00,112.96874999999999,18.65625,0.3109375,460.5625,2016-04-28T18:00:00
2016-04-29,18:00:00,116.77419354838709,19.225806451612907,0.3204300967741936,498.45161290322579,2016-04-29T18:00:00
2016-04-30,18:00:00,131.06666666666663,25.566666666666666,0.42611109999999996,628.86666666666667,2016-04-30T18:00:00
2016-05-01,18:00:00,113.86206896551724,18.724137931034484,0.31206896551724139,462.68965517241395,2016-05-01T18:00:00
2016-05-02,18:00:00,134.75862068965517,26.03448275862069,0.43390810344827591,794.51724137931035,2016-05-02T18:00:00
2016-05-03,18:00:00,134.27586206896552,26.827586206896544,0.44712644827586207,769.75862068965512,2016-05-03T18:00:00
2016-05-04,18:00:00,109.44827586206894,16.517241379310342,0.2752873793103448,423.96551724137942,2016-05-04T18:00:00
2016-05-05,18:00:00,112.89655172413794,16.620689655172416,0.2770114827586207,458.27586206896552,2016-05-05T18:00:00
2016-05-06,18:00:00,112.93103448275863,17.862068965517246,0.29770113793103448,420.103448275862,2016-05-06T18:00:00
2016-05-07,18:00:00,106.22222222222223,15.333333333333336,0.25555559259259258,393.59259259259261,2016-05-07T18:00:00
2016-05-08,18:00:00,107.81481481481478,16.4074074074074,0.27345681481481476,439.44444444444446,2016-05-08T18:00:00
2016-05-09,18:00:00,127.84000000000005,21.519999999999996,0.35866668,694.16,2016-05-09T18:00:00
2016-05-10,18:00:00,120.41666666666666,21.958333333333336,0.36597220833333333,606.375,2016-05-10T18:00:00
2016-05-11,18:00:00,135.28571428571431,28.190476190476193,0.46984128571428568,854.04761904761915,2016-05-11T18:00:00
2016-04-12,19:00:00,129.66666666666663,24.090909090909086,0.40151512121212135,621.121212121212,2016-04-12T19:00:00
2016-04-13,19:00:00,131.81818181818181,23.545454545454547,0.39242424242424234,724.878787878788,2016-04-13T19:00:00
2016-04-14,19:00:00,123.42424242424242,20.454545454545453,0.3409091212121213,608.69696969696975,2016-04-14T19:00:00
2016-04-15,19:00:00,143.375,27.750000000000004,0.4624999375,719.0625,2016-04-15T19:00:00
2016-04-16,19:00:00,118.59374999999999,19.749999999999996,0.32916665624999997,588.53125,2016-04-16T19:00:00
2016-04-17,19:00:00,105.28124999999997,17.625000000000004,0.29375003125,471.53125,2016-04-17T19:00:00
2016-04-18,19:00:00,125.25000000000001,23.437499999999996,0.39062496874999997,637.43749999999989,2016-04-18T19:00:00
2016-04-19,19:00:00,118.99999999999999,20.09375,0.33489578125000008,538.125,2016-04-19T19:00:00
2016-04-20,19:00:00,118.96875000000001,21.406249999999996,0.35677081249999987,589.53125000000011,2016-04-20T19:00:00
2016-04-21,19:00:00,115.81249999999999,20.218750000000004,0.33697921875,571.40625,2016-04-21T19:00:00
2016-04-22,19:00:00,121.00000000000001,21.187500000000004,0.35312503124999994,525.3125,2016-04-22T19:00:00
2016-04-23,19:00:00,119.46874999999999,20.28125,0.33802084375,513.90625,2016-04-23T19:00:00
2016-04-24,19:00:00,105.75,17.0625,0.28437490625000006,424.81249999999994,2016-04-24T19:00:00
2016-04-25,19:00:00,129.0625,23.6875,0.39479162500000003,619.12500000000023,2016-04-25T19:00:00
2016-04-26,19:00:00,115.78125,19.75,0.32916665624999997,512.96874999999989,2016-04-26T19:00:00
2016-04-27,19:00:00,128.40624999999997,25.343750000000004,0.42239587500000009,734.15624999999989,2016-04-27T19:00:00
2016-04-28,19:00:00,121.43749999999999,19.5625,0.32604165625000003,534.3125,2016-04-28T19:00:00
2016-04-29,19:00:00,120.74193548387098,23.096774193548384,0.38494622580645166,539.54838709677426,2016-04-29T19:00:00
2016-04-30,19:00:00,125.56666666666668,24.466666666666665,0.40777786666666671,589.3,2016-04-30T19:00:00
2016-05-01,19:00:00,114.58620689655174,20.172413793103445,0.3362068275862069,464.6206896551725,2016-05-01T19:00:00
2016-05-02,19:00:00,107.31034482758622,16.586206896551722,0.27643682758620686,473.37931034482779,2016-05-02T19:00:00
2016-05-03,19:00:00,113.89655172413792,17.448275862068968,0.29080465517241372,514.65517241379314,2016-05-03T19:00:00
2016-05-04,19:00:00,117.03448275862067,18.758620689655171,0.31264372413793107,520.9655172413793,2016-05-04T19:00:00
2016-05-05,19:00:00,121.44827586206897,22.068965517241381,0.36781613793103446,624.0344827586207,2016-05-05T19:00:00
2016-05-06,19:00:00,125.89655172413794,22.931034482758619,0.38218396551724132,714.06896551724117,2016-05-06T19:00:00
2016-05-07,19:00:00,120.33333333333334,21.259259259259263,0.35432092592592596,638.70370370370381,2016-05-07T19:00:00
2016-05-08,19:00:00,125.7037037037037,20.259259259259256,0.33765429629629623,576.66666666666652,2016-05-08T19:00:00
2016-05-09,19:00:00,141.32,28.199999999999996,0.46999991999999985,810.48,2016-05-09T19:00:00
2016-05-10,19:00:00,135.91666666666666,26.708333333333336,0.44513887499999993,744.25000000000011,2016-05-10T19:00:00
2016-05-11,19:00:00,100.95238095238096,13.38095238095238,0.22301585714285715,347.42857142857144,2016-05-11T19:00:00
2016-04-12,20:00:00,99.303030303030312,12.515151515151516,0.20858584848484843,308.33333333333331,2016-04-12T20:00:00
2016-04-13,20:00:00,97.848484848484844,12.424242424242424,0.20707075757575757,255.78787878787878,2016-04-13T20:00:00
2016-04-14,20:00:00,109.42424242424242,16.787878787878785,0.27979793939393938,406.69696969696969,2016-04-14T20:00:00
2016-04-15,20:00:00,109.65625000000001,16.468749999999996,0.27447912499999993,374.125,2016-04-15T20:00:00
2016-04-16,20:00:00,96.093749999999972,12.562500000000002,0.20937503124999995,316.40625000000006,2016-04-16T20:00:00
2016-04-17,20:00:00,93.46875,11.78125,0.19635424999999998,280.12500000000011,2016-04-17T20:00:00
2016-04-18,20:00:00,97.0,12.5625,0.20937499999999995,304.87500000000006,2016-04-18T20:00:00
2016-04-19,20:00:00,107.8125,16.53125,0.27552078125,394.34375000000006,2016-04-19T20:00:00
2016-04-20,20:00:00,108.56250000000001,18.031250000000007,0.30052090625000011,449.84375000000006,2016-04-20T20:00:00
2016-04-21,20:00:00,98.968749999999986,14.0,0.23333331250000003,402.46875,2016-04-21T20:00:00
2016-04-22,20:00:00,108.6875,16.3125,0.271875,423.3125,2016-04-22T20:00:00
2016-04-23,20:00:00,104.21875000000001,15.40625,0.25677081250000006,428.34375,2016-04-23T20:00:00
2016-04-24,20:00:00,93.374999999999986,10.812500000000002,0.1802083125,253.21875,2016-04-24T20:00:00
2016-04-25,20:00:00,99.906249999999986,13.062499999999998,0.21770840625000001,375.28124999999994,2016-04-25T20:00:00
2016-04-26,20:00:00,104.53124999999999,16.343749999999993,0.27239584375000003,391.40624999999994,2016-04-26T20:00:00
2016-04-27,20:00:00,100.96875,14.625000000000002,0.24375003124999992,365.15624999999994,2016-04-27T20:00:00
2016-04-28,20:00:00,98.499999999999986,12.843749999999996,0.21406246875,325.90625000000006,2016-04-28T20:00:00
2016-04-29,20:00:00,111.38709677419354,16.774193548387093,0.27956996774193549,375.32258064516128,2016-04-29T20:00:00
2016-04-30,20:00:00,107.83333333333334,15.4,0.2566667,453.06666666666661,2016-04-30T20:00:00
2016-05-01,20:00:00,88.379310344827587,8.275862068965516,0.13793103448275862,154.27586206896552,2016-05-01T20:00:00
2016-05-02,20:00:00,103.41379310344828,16.137931034482754,0.26896555172413783,426.79310344827593,2016-05-02T20:00:00
2016-05-03,20:00:00,108.06896551724137,15.896551724137927,0.26494258620689648,392.6551724137932,2016-05-03T20:00:00
2016-05-04,20:00:00,98.413793103448285,11.620689655172413,0.19367817241379312,260.48275862068965,2016-05-04T20:00:00
2016-05-05,20:00:00,103.10344827586208,13.413793103448276,0.22356324137931036,305.41379310344837,2016-05-05T20:00:00
2016-05-06,20:00:00,109.72413793103449,17.68965517241379,0.29482765517241388,431.68965517241384,2016-05-06T20:00:00
2016-05-07,20:00:00,103.7037037037037,15.518518518518515,0.258641962962963,400.37037037037038,2016-05-07T20:00:00
2016-05-08,20:00:00,107.11111111111113,16.259259259259256,0.27098766666666663,346.29629629629636,2016-05-08T20:00:00
2016-05-09,20:00:00,102.16000000000003,13.319999999999999,0.22200004,343.0800000000001,2016-05-09T20:00:00
2016-05-10,20:00:00,99.249999999999986,12.458333333333334,0.20763891666666667,332.54166666666674,2016-05-10T20:00:00
2016-05-11,20:00:00,99.285714285714292,13.904761904761903,0.231746,322.57142857142856,2016-05-11T20:00:00
2016-04-12,21:00:00,97.36363636363636,11.727272727272725,0.19545460606060605,335.27272727272725,2016-04-12T21:00:00
2016-04-13,21:00:00,85.848484848484844,7.93939393939394,0.13232318181818181,205.12121212121215,2016-04-13T21:00:00
2016-04-14,21:00:00,97.666666666666686,11.333333333333334,0.18888887878787877,340.63636363636363,2016-04-14T21:00:00
2016-04-15,21:00:00,96.84375,10.999999999999998,0.18333331249999998,215.28125,2016-04-15T21:00:00
2016-04-16,21:00:00,89.5625,9.9375000000000018,0.165625,255.49999999999997,2016-04-16T21:00:00
2016-04-17,21:00:00,93.09375,10.468749999999998,0.17447918749999997,224.25,2016-04-17T21:00:00
2016-04-18,21:00:00,84.218749999999986,7.1875000000000009,0.11979165624999998,133.93749999999997,2016-04-18T21:00:00
2016-04-19,21:00:00,96.46875,11.9375,0.19895828125000006,310.24999999999994,2016-04-19T21:00:00
2016-04-20,21:00:00,88.875,9.5312499999999982,0.15885415625,188.15624999999994,2016-04-20T21:00:00
2016-04-21,21:00:00,92.968749999999972,12.281249999999998,0.2046875,339.8125,2016-04-21T21:00:00
2016-04-22,21:00:00,93.812500000000014,12.531250000000002,0.20885409374999997,366.46874999999994,2016-04-22T21:00:00
2016-04-23,21:00:00,98.906250000000014,15.0625,0.25104162500000005,470.28125,2016-04-23T21:00:00
2016-04-24,21:00:00,92.093749999999986,10.656250000000002,0.17760415625,259.37499999999994,2016-04-24T21:00:00
2016-04-25,21:00:00,103.78124999999997,16.40625,0.27343759375000004,532.875,2016-04-25T21:00:00
2016-04-26,21:00:00,93.28125,11.65625,0.19427078124999997,284.46874999999994,2016-04-26T21:00:00
2016-04-27,21:00:00,87.187499999999972,8.8124999999999982,0.14687499999999998,169.56250000000003,2016-04-27T21:00:00
2016-04-28,21:00:00,92.15625,10.874999999999998,0.18125000000000002,236.68749999999997,2016-04-28T21:00:00
2016-04-29,21:00:00,91.09677419354837,9.5483870967741957,0.15913967741935484,226.9354838709678,2016-04-29T21:00:00
2016-04-30,21:00:00,103.53333333333333,13.900000000000002,0.23166666666666663,320.63333333333333,2016-04-30T21:00:00
2016-05-01,21:00:00,87.172413793103431,8.10344827586207,0.13505744827586211,69.655172413793125,2016-05-01T21:00:00
2016-05-02,21:00:00,94.586206896551715,12.655172413793107,0.21091958620689655,331.20689655172407,2016-05-02T21:00:00
2016-05-03,21:00:00,108.79310344827584,16.206896551724139,0.27011493103448275,409.17241379310343,2016-05-03T21:00:00
2016-05-04,21:00:00,97.793103448275858,11.96551724137931,0.19942527586206896,277.93103448275866,2016-05-04T21:00:00
2016-05-05,21:00:00,116.58620689655173,20.586206896551726,0.34310351724137939,581.344827586207,2016-05-05T21:00:00
2016-05-06,21:00:00,100.13793103448275,12.344827586206899,0.20574706896551723,291.44827586206907,2016-05-06T21:00:00
2016-05-07,21:00:00,97.740740740740748,11.666666666666666,0.19444455555555559,316.2962962962963,2016-05-07T21:00:00
2016-05-08,21:00:00,112.77777777777779,16.851851851851851,0.28086418518518519,547.851851851852,2016-05-08T21:00:00
2016-05-09,21:00:00,97.919999999999987,15.279999999999998,0.25466659999999997,419.55999999999995,2016-05-09T21:00:00
2016-05-10,21:00:00,102.04166666666666,14.999999999999996,0.24999999999999997,425.12500000000006,2016-05-10T21:00:00
2016-05-11,21:00:00,95.000000000000014,11.850000000000001,0.19750009999999998,233.5,2016-05-11T21:00:00
2016-04-12,22:00:00,86.181818181818187,6.84848484848485,0.11414139393939392,167.15151515151516,2016-04-12T22:00:00
2016-04-13,22:00:00,85.303030303030312,7.9696969696969671,0.132828303030303,169.36363636363635,2016-04-13T22:00:00
2016-04-14,22:00:00,90.030303030303031,8.4848484848484844,0.14141415151515152,223.78787878787878,2016-04-14T22:00:00
2016-04-15,22:00:00,101.18749999999999,12.34375,0.20572912499999998,299.65625,2016-04-15T22:00:00
2016-04-16,22:00:00,87.312499999999986,9.4375,0.15729165625,260.84375000000006,2016-04-16T22:00:00
2016-04-17,22:00:00,83.375000000000014,7.3124999999999982,0.12187496875,188.15624999999997,2016-04-17T22:00:00
2016-04-18,22:00:00,85.21875,7.9999999999999982,0.13333325000000001,220.43749999999997,2016-04-18T22:00:00
2016-04-19,22:00:00,90.156250000000014,9.6875,0.161458375,264.12500000000006,2016-04-19T22:00:00
2016-04-20,22:00:00,88.375,8.6250000000000018,0.14375003125,237.28124999999997,2016-04-20T22:00:00
2016-04-21,22:00:00,90.093749999999986,9.4062499999999982,0.15677087499999998,246.24999999999997,2016-04-21T22:00:00
2016-04-22,22:00:00,88.343750000000014,9.5937500000000018,0.15989590625000002,193.68750000000003,2016-04-22T22:00:00
2016-04-23,22:00:00,95.749999999999986,13.468750000000002,0.22447921875000001,361.75000000000006,2016-04-23T22:00:00
2016-04-24,22:00:00,76.96875,5.3749999999999991,0.089583406250000039,144.90624999999997,2016-04-24T22:00:00
2016-04-25,22:00:00,84.031250000000014,7.34375,0.12239581249999999,181.53125,2016-04-25T22:00:00
2016-04-26,22:00:00,88.437499999999986,10.031249999999996,0.16718750000000002,237.90625,2016-04-26T22:00:00
2016-04-27,22:00:00,80.468750000000014,5.4999999999999982,0.09166665625,166.68749999999994,2016-04-27T22:00:00
2016-04-28,22:00:00,90.71875,9.0312499999999982,0.15052084375,272.09374999999994,2016-04-28T22:00:00
2016-04-29,22:00:00,86.516129032258078,7.774193548387097,0.12956990322580644,228.8709677419356,2016-04-29T22:00:00
2016-04-30,22:00:00,91.7,9.5666666666666664,0.15944436666666667,237.00000000000006,2016-04-30T22:00:00
2016-05-01,22:00:00,76.172413793103431,4.6896551724137918,0.078160931034482767,112.65517241379311,2016-05-01T22:00:00
2016-05-02,22:00:00,79.620689655172413,5.3793103448275863,0.089655137931034481,111.20689655172417,2016-05-02T22:00:00
2016-05-03,22:00:00,108.48275862068964,17.413793103448278,0.29022999999999993,520.31034482758616,2016-05-03T22:00:00
2016-05-04,22:00:00,93.137931034482776,10.241379310344827,0.17068968965517242,296.82758620689657,2016-05-04T22:00:00
2016-05-05,22:00:00,94.379310344827573,12.275862068965518,0.20459765517241385,338.65517241379308,2016-05-05T22:00:00
2016-05-06,22:00:00,90.931034482758619,9.6206896551724146,0.16034475862068964,256.48275862068965,2016-05-06T22:00:00
2016-05-07,22:00:00,98.444444444444457,13.740740740740742,0.22901240740740741,378.22222222222223,2016-05-07T22:00:00
2016-05-08,22:00:00,84.81481481481481,8.7777777777777768,0.14629633333333333,221.00000000000006,2016-05-08T22:00:00
2016-05-09,22:00:00,81.800000000000011,8.0800000000000018,0.13466668000000004,200.32000000000002,2016-05-09T22:00:00
2016-05-10,22:00:00,87.625,9.4583333333333321,0.15763883333333337,280.6666666666668,2016-05-10T22:00:00
2016-05-11,22:00:00,80.0,6.5789473684210522,0.10964905263157892,119.21052631578948,2016-05-11T22:00:00
2016-04-12,23:00:00,74.848484848484844,4.1515151515151505,0.069191909090909068,76.757575757575765,2016-04-12T23:00:00
2016-04-13,23:00:00,77.515151515151516,5.0000000000000009,0.083333333333333329,122.81818181818181,2016-04-13T23:00:00
2016-04-14,23:00:00,77.242424242424249,4.3030303030303028,0.071717242424242419,66.848484848484844,2016-04-14T23:00:00
2016-04-15,23:00:00,91.375,9.9375,0.16562503125000003,223.25000000000006,2016-04-15T23:00:00
2016-04-16,23:00:00,81.78125,6.25,0.104166625,167.81249999999997,2016-04-16T23:00:00
2016-04-17,23:00:00,72.5,2.4687500000000004,0.041145875,63.96875,2016-04-17T23:00:00
2016-04-18,23:00:00,72.781249999999972,2.8437499999999996,0.047395875000000004,54.09375,2016-04-18T23:00:00
2016-04-19,23:00:00,80.90625,7.7500000000000018,0.12916665624999998,226.46875000000006,2016-04-19T23:00:00
2016-04-20,23:00:00,73.406249999999986,3.3125,0.0552083125,76.656250000000014,2016-04-20T23:00:00
2016-04-21,23:00:00,74.0,3.4687500000000004,0.057812531250000014,75.90625,2016-04-21T23:00:00
2016-04-22,23:00:00,78.90625,6.1562500000000009,0.10260412499999999,154.59375,2016-04-22T23:00:00
2016-04-23,23:00:00,77.562500000000028,5.2499999999999991,0.087500000000000008,102.84375,2016-04-23T23:00:00
2016-04-24,23:00:00,73.218750000000014,3.3125000000000004,0.05520840625,97.093749999999986,2016-04-24T23:00:00
2016-04-25,23:00:00,70.6875,2.0312500000000009,0.033854125,38.28125,2016-04-25T23:00:00
2016-04-26,23:00:00,76.687500000000028,4.7812499999999991,0.07968746875,82.3125,2016-04-26T23:00:00
2016-04-27,23:00:00,75.406249999999986,4.0,0.06666665625,89.90625,2016-04-27T23:00:00
2016-04-28,23:00:00,73.749999999999986,3.8437500000000009,0.064062531249999985,83.843750000000028,2016-04-28T23:00:00
2016-04-29,23:00:00,78.59999999999998,5.5,0.09166666666666666,137.66666666666671,2016-04-29T23:00:00
2016-04-30,23:00:00,86.200000000000017,7.2333333333333316,0.12055553333333331,177.46666666666664,2016-04-30T23:00:00
2016-05-01,23:00:00,73.517241379310335,3.6896551724137936,0.061494275862068952,106.17241379310346,2016-05-01T23:00:00
2016-05-02,23:00:00,72.758620689655174,2.3103448275862069,0.03850575862068966,41.37931034482758,2016-05-02T23:00:00
2016-05-03,23:00:00,76.862068965517253,4.0344827586206886,0.067241448275862065,102.62068965517241,2016-05-03T23:00:00
2016-05-04,23:00:00,86.965517241379317,9.03448275862069,0.15057475862068967,263.93103448275872,2016-05-04T23:00:00
2016-05-05,23:00:00,81.965517241379317,5.4482758620689662,0.090804620689655141,179.82758620689654,2016-05-05T23:00:00
2016-05-06,23:00:00,80.620689655172413,6.3448275862068968,0.1057471379310345,135.34482758620695,2016-05-06T23:00:00
2016-05-07,23:00:00,74.1111111111111,3.1851851851851847,0.05308644444444445,52.962962962962948,2016-05-07T23:00:00
2016-05-08,23:00:00,79.333333333333329,6.2962962962962967,0.10493825925925926,186.88888888888889,2016-05-08T23:00:00
2016-05-09,23:00:00,78.92,6.48,0.10799996000000002,216.60000000000008,2016-05-09T23:00:00
2016-05-10,23:00:00,80.875,7.8333333333333321,0.13055554166666669,208.24999999999997,2016-05-10T23:00:00
2016-05-11,23:00:00,76.105263157894726,4.8421052631578956,0.080701842105263155,100.89473684210527,2016-05-11T23:00:00
2016-04-24,03:00:00,66.6875,0.18750000000000003,0.0031250312499999993,3.3125000000000013,2016-04-24T03:00:00
2016-04-24,04:00:00,66.6875,0.18750000000000003,0.0031250312499999993,3.0625000000000004,2016-04-24T04:00:00
2016-04-24,05:00:00,66.46875,0.18750000000000003,0.0031250312499999993,0.84375,2016-04-24T05:00:00